id,text,anger,disgust,fear,joy,sadness,surprise
kin_dev_track_a_00001,@<username> @<username> @<username> @<username> Mubwire uti: ni akomeze ace umugani kumanywa!! We n'ibyo byihebe byiyemeje gukora itera ubwoba baracyatsindwa. #RwOT,0,0,0,0,0,0
kin_dev_track_a_00002,"Umunyambanga Nshingwabikorwa w’akagari ka Kagahu, nawe yemereye IGIHE ko urupfu rw’uyu mwana rwatewe no kwigana filime ya Mitsutsu.",0,0,0,0,0,0
kin_dev_track_a_00003,Mu gihe abandi basore bahangayikishijwe no kwiyubaka wowe uracyasaba pass zabakobwa birekura 😂😂 ##URL##,0,0,0,0,0,0
kin_dev_track_a_00004,Ese kubera iki wumva wakwishimira kurya ibitaribyawe nkaho nyirabyo atakiriho nabe bose bashizeho pole MURINDAHABI IRENE,0,0,0,0,0,0
kin_dev_track_a_00005,@<username> Sexists ntabwo Ari abagabo ni imbwa.,0,0,0,0,0,0
kin_dev_track_a_00006,@<username> Ntabyo mvuze ibyo winteranya🤣,0,0,0,0,0,0
kin_dev_track_a_00007,Kera ba mama nuku bababeshyaga??🙈🙈🙈 @<username> @<username> @<username> @<username> ##URL##,1,0,0,0,0,0
kin_dev_track_a_00008,"Niyigena avuga ko ibi uba ugomba kubyitwararika ndetse ukarushaho kwiyitaho ukoresha buri gihe amavuta arinda izuba (sunscreen), ugakoresha ’scrab’ ndetse n’ibindi byose bituma urushaho kumererwa neza.",0,0,0,0,0,0
kin_dev_track_a_00009,@<username> @<username> @<username> @<username> @<username> @<username> @<username> @<username> @<username> Uyu ashaje nabi mbandoga Inkotanyi! Yasesewe n'amacakubiri agiye guhenuka atayarokotse.,0,0,0,0,0,0
kin_dev_track_a_00010,Uyu munyamuziki uri mubatunganya umuziki beza u Rwanda rwagize yitabye Imana azize uburwayi aguye mu bitaro bya Nyarugenge.,0,0,0,0,0,0
kin_dev_track_a_00011,Murekatete yakomeje avuga ko ikibazo cye yakijeje mu nzego z’umutekano ariko ko ntacyo baragikoraho.,0,0,0,0,0,0
kin_dev_track_a_00012,Polisi yo yavuze ko uwo mugabo yari yataye umutwe nyuma y’aho amenyeye ko yatakaje akazi yari asanzwe akora.,0,0,0,0,0,0
kin_dev_track_a_00013,Thanks my 5k followers labakunda so much Tuzabinywera BRD nikora umuti kuka a/c Dukomeza gutora influencer wambere @<username> 👇👇👇👇👇👇👇👇 ##URL## ##URL##,0,0,0,1,0,0
kin_dev_track_a_00014,Hagati mu cyumweru gishize ni bwo hirya no hino ku mbuga nkoranyambaga z’abantu bakurikirwa cyane hatangiye gukwirakwira amafoto y’umukobwa uri kumwe na Israel Mbonyi bavuga ko ari umukunzi we.,0,0,0,0,0,0
kin_dev_track_a_00015,"Kubera ubwo bwiyongere, Banki y’Isi ivuga ko ingo nyinshi zitagifite ubushobozi bwo guhaha ibiribwa bya ngombwa cyangwa se bihagije, ingaruka za mbere zikagera ku bana.",0,0,0,0,0,0
kin_dev_track_a_00016,@<username> @<username> @<username> @<username> Nibyo rwose! Byarahindutse kd birakomeza kuko abafatanyabikorwa bose cyane cyane #Intavogerwa z’Umurenge wa @<username> twahagurukiye kurwanya ibyaha n’ababikora. @<username> iturangaje imbere…!,0,0,0,0,0,0
kin_dev_track_a_00017,"""Ndatanga urugero rw’amabere, ni ukuvuga ngo umukobwa nagenda yakuyemo ishati hejuru nta kintu yambaye, ari kumwe n’umusore nawe wakuyemo, utambaye ikintu hejuru, ukavuga ngo umukobwa ugiye kumukurikirana, havuka ikibazo cyo gutekereza ngo ese kubera iki wumva ko amabere y’umugore yatekerezwa nk’imyanya ndangagitsina mu gihe ay’umugabo bitari uko?""",0,0,0,0,0,0
kin_dev_track_a_00018,"Mu mpamvu imiryango ingana gutya yisanga ituye ahashobora gushyira mu kaga ubuzima bw’abagize harimo ubukene, ibiza n’amanegeka.",0,0,0,0,0,0
kin_dev_track_a_00019,Bavandimwe ni mukomere kujambo ry' Imana kuko ubwami BW'ijuru buregereje kandi dusabire ninzirakarengane zaukraine,0,0,0,0,0,0
kin_dev_track_a_00020,"@<username> More than READY! Bazakinishe ibindi cg abandi batari #RDF, #RNP !!!! Babona batera amabuye cg amagambo ntidusubize ntibuke ko dufite “NYIRANTARENGWA”",0,0,0,0,0,0
kin_dev_track_a_00021,"@<username> @<username> Kuzamuka kw'ibiciro Hari abo wabonye bishwe,ese abo wabonye bishwe ni bande umunwa wanyu mugira n'amaso atareba amategeko n'umutimana,muhagarike gusebanya",0,0,0,0,0,0
kin_dev_track_a_00022,"Ya nzovu yaje gusaza, abatwa bari baturiye iryo shyamba bari abahigi basanzwe barihigamo baza kuyigwa gitumo barayica, barayibaga barayirya, inyama zayo zimara amezi n’amezi zitarabavira mu nzu.",0,0,0,0,0,0
kin_dev_track_a_00023,"Iyi miryango yakomeje igira iti “Abaryamana n’abo bahuje ibitsina muri Uganda bakomeje kugira ubwoba bw’umutekano wabo, abenshi bahagaritse kujya gusaba serivisi z’ubuvuzi ngo batagirirwa nabi cyangwa bagahanwa.”",0,0,0,0,0,0
kin_dev_track_a_00024,"@<username> @<username> @<username> @<username> @<username> @<username> @<username> @<username> @<username> Muvandimwe. Iby’agaca bishyire ku ruhande, reba umutima wo gukora uhari, tumufashe. Icyo ni cyo cy’ingenzi.",0,0,0,0,0,0
kin_dev_track_a_00025,"Tshisekedi unyotewe no gutangiza ubu bufatanye vuba cyane bishoboka, aherutse kubwira itangazamakuru ko ashaka ko ingabo za EAC ziba zavuye ku butaka bwe bitarenze ukwezi, ndetse yongeraho ko uretse ingabo z’u Burundi, abandi bari gukorana na M23.",0,0,0,0,0,0
kin_dev_track_a_00026,Bariya bana bari kurya ibyaboze?,0,0,0,0,0,0
kin_dev_track_a_00027,Nta handi mfite inzu [nakwimukiramo].”,0,0,0,0,0,0
kin_dev_track_a_00028,"Ubuyobozi bw’ibi bitaro buvuga ko byatumye abaturage badakomeza kujya kwivuriza kure, kandi bavurwa batari baremba kuko ari hafi yabo.",0,0,0,0,0,0
kin_dev_track_a_00029,"Nyuma y’uko uyu mugore akuye amenyo umugabo we, yahise atabwa muri yombi ubu afungiye kuri stasiyo ya RIB ya Karama.",0,0,0,0,0,0
kin_dev_track_a_00030,@<username> nukuyisangira nibwo wagira umutuzo kurusha uko warya wenyine icyo ukoze kiba kizakugarukira #GIRANEZAWIGENDERE,0,0,0,0,0,0
kin_dev_track_a_00031,Mwaramutse neza cyane cyane abantu bi Musanze. Mugire umunsi mwiza Ukeneye bimwe muri ibi bikoresho watuvugisha kuri +250781101010 ##URL##,0,0,0,0,0,0
kin_dev_track_a_00032,📸AMAFOTO📸 I Kabgayi hagiye kuzura inzu igezweho yo kubyariramo izaba ifite ahahugurirwa abimenyereza umwuga ndetse n'ahavurwa indwara z'abagore. #RBAAmakuru 📸: RHA ##URL##,0,0,0,0,0,0
kin_dev_track_a_00033,"@<username> @<username> @<username> Yageze kuri """"noreturning point"""" banzabaramugiriyeyo",0,0,0,0,0,0
kin_dev_track_a_00034,Nyamara kadufashaga umuyaga wo kuri moto 😂,0,0,0,0,0,0
kin_dev_track_a_00035,"Byateje induru kuko byarwanyijwe n’imiryango mpuzamahanga yita ku burenganzira bwa muntu, ariko byafashije Australia kugabanya ubwinshi bw’abimukira binjiragayo batemewe.",0,0,0,0,0,0
kin_dev_track_a_00036,@<username> Ariko sha nka mama agufashe wagiye mu kabari 😂😂😂😂😂 ni speech yamara ukwezi 🙊🙊🙊🙊🙊,0,0,0,0,0,0
kin_dev_track_a_00037,"@<username> Shukur'an ya Cheikh, inzira mwadutoje haba mu idini no mu muryango wa @<username> ntituzabaterereza ndakurahiye iryo ni isezerano mbahaye mubyeyi.",0,0,0,0,0,0
kin_dev_track_a_00038,umubiri wose wuzuye amagaragambya bihumura nabi wagirango ni igikeri kitaba mumazi,0,0,0,0,0,0
kin_dev_track_a_00039,Icyo gihe ngo ababyeyi be bari bamubwiye ko we n’umuvandimwe we ‘bagiye mu biruhuko’.,0,0,0,0,0,0
kin_dev_track_a_00040,"Umuyobozi wa Miss World, Julia Morley yavuze bishimiye ko rigiye kubera mu Buhinde, igihugu yasuye mu myaka 30 ishize.",0,0,0,0,0,0
kin_dev_track_a_00041,Ururenda afite mu nnyo ye ruri gutuma anuka cyane,0,0,0,0,0,0
kin_dev_track_a_00042,"Ati “Ukabona inzu imaze imyaka itanu irenga, igenda isanwa none tugejeje mu mwaka wa nyuma bati ayo mafaranga mumaze gusohora imyaka yose nimuhagarikire aho ngaho noneho tugiye gutangira inyigo.”",0,0,0,0,0,0
kin_dev_track_a_00043,"@<username> @<username> @<username> Ni ikibazo! @<username> mu kiganiro twaherutse kugirana, batubwiye ko ibi byose bigenzurwa! Abatabyubahiriza bigenda bite? Aba bantu bitabweho pe! @<username>",0,0,0,0,0,0
kin_dev_track_a_00044,"#AMAVUBI tupa 🎵🎶Ndani 🎵🎶! #AMAVUBI tupa 🎶🎶🎵🎵Ndani🎶🎵🎶🎵. Iyi mvugo mukunda gukoresha mbere yo gukina, iri joro muyigire INGIRO ibabere IMPAMO. Tubifurije amahirwe #TOGRWA #CHAN2020 #TWESEINYUMAYAMAVUBI ##URL##",0,0,0,0,0,0
kin_dev_track_a_00045,Urukiko kandi rwarekuye Nkurikiyimfura Theopiste bareganwa ategekwa gutanga ingwate ya miliyoni 3Frw no kujya yitaba ubushinjacyaha buri wa Gatanu mu gihe cy’amezi abiri.,0,0,0,0,0,0
kin_dev_track_a_00046,Vana ibyo bibyi byawe aho ngaho,0,0,0,0,0,0
kin_dev_track_a_00047,Inkuru nziza cyane umuturage ku isonga ##URL##,0,0,0,0,0,0
kin_dev_track_a_00048,"Uwitwa Habiyaremye Emmanuel, yagize ati “Yarinjiye ahita atangira kureba abantu bafite amakarita abonye umwe utayifite nibwo yabajije umushoferi uko yinjiye n’uko yishyuye, undi amubwira ko yishyuye akoresheje ikarita ntiyabyumva amusanga imbere amufata mu mashati bahita batangira kurwana.”",0,0,0,0,0,0
kin_dev_track_a_00049,Bimaze igihe bigoranye none bikomeje n'ubu kugorana koko?🤔None se ubu bizagoranuka ryari? Nyamara aba baturanyi bashatse batuza tugaturana pe🤷 ##URL##,1,0,0,0,0,0
kin_dev_track_a_00050,"Mu gihe umudali wemejwe ndetse watangiye gutangwa, hadutse izindi nkuru z’uko wa Gasana wasutse amarira kubera ubutwari bwa Diagne, noneho yayobotse uruhande rwakoze Jenoside, ndetse n’ubu rubumbatiye ingengabitekerezo yayo.",0,0,0,0,0,0
kin_dev_track_a_00051,Gusa njye iyo nitegereje nsanga ikiremwamuntu twese tubayeho mu buzima budatana no kwimuka aho twari turi dushakisha aho ubwatsi butoshye kurusha ahandi.”,0,0,0,0,0,0
kin_dev_track_a_00052,Niba abahakana Genocide yakorewe abatutsi bitabatera isoni kuki twe twagira ubwoba bwoguhangana nabo. #Kwibuka27 #Twiyubaka,0,0,0,0,0,0
kin_dev_track_a_00053,@<username> Ahari twacumuye ku Mana cgwa ababyeyi bacu😭😭😭😭😭,0,0,0,0,0,0
kin_dev_track_a_00054,Amavubi afashe agakipe ku ngufu wallah🤭🤭🤭 tatu bila,0,0,0,0,0,0
kin_dev_track_a_00055,"Ku munota wa gatanu w’agace ka nyuma k’umukino, Mali yazamukanye umupira neza cyane yihuta, itsinda amanota abiri yatumye yuzuza amanota 101 kuri 20 y’u Rwanda.",0,0,0,0,0,0
kin_dev_track_a_00056,"Akimara kurimbura abatware n’abakomeye bo mu Bungwe, yahise asanga abarebakure ngo bamurebere uko yarimbura ruhenu ingoma y’u Bungwe bitamugoye.",0,0,0,0,0,0
kin_dev_track_a_00057,"Zaburi 34:5-6 [5]Nashatse Uwiteka aransubiza,Ankiza ubwoba nari mfite bwose. [6]Bamurebyeho bavirwa n'umucyo,Mu maso habo ntihazagira ipfunwe iteka. *Mugire umunsi mwiza!!*🙏🏼",0,0,0,0,0,0
kin_dev_track_a_00058,Ase ubundi yaratabarutse ? #ukugezehoafite inyota umuhe amazi Imana yo nyine niy’ Ibizi 😭 ##URL##,0,0,0,0,0,0
kin_dev_track_a_00059,@<username> Ni ikibazo. Basoze amahoro pe,0,0,0,0,0,0
kin_dev_track_a_00060,@<username> Ubahwa 🙌 nawe Ntore itwizihira! gutaramirwa/gutaramana nawe Ntako biba bisa horana Amahoro!! 💙💛💚!!,0,0,0,0,0,0
kin_dev_track_a_00061,@<username> St André Kabgayi ni heza cyane,0,0,0,0,0,0
kin_dev_track_a_00062,"Me Bayingana yabajijwe ibyerekana koko ko izo nimero z’imitungo zanditse kuri Kabuga, yasubije ko Urukiko rushobora gutegeka Ikigo cy’Igihugu cy’ubutaka kikagaragaza niba hari isano Kabuga yaba afitanye n’iyo mitungo.",0,0,0,0,0,0
kin_dev_track_a_00063,@<username> Ni akazi kawe nubunywa ugatwara breathalyzer ikagufata ntuzagire ngo akamaarimaari ntikakuburiye,0,0,0,1,0,0
kin_dev_track_a_00064,Umuhungu wa Prado yatangaje ko bababajwe no kubura umubyeyi wabo bafataga nk’umuntu udasanzwe.,0,0,0,0,0,0
kin_dev_track_a_00065,"Umuryango we ucyumva ibikorwa bye, wihutiye kubyamagana, ugaragaza ko ari igisebo kuri wo.",0,0,0,0,0,0
kin_dev_track_a_00066,"Nawe yabuze icyo yimarira ahitamo kwangara, wumva hari undi yagira icyo America kweli? Wapi! ##URL##",0,0,0,0,0,0
kin_dev_track_a_00067,Hari inzu kandi Biguma yakusanyirizagamo Abatutsi hafi y’aho yakoreraga abaha interahamwe zijya kubica.,0,0,0,0,0,0
kin_dev_track_a_00068,"Si ubwa mbere abavoka ba Fortunat Biselele bari basabye k arekurwa, ariko ku zindi nshuro zose byagiye binanira.",0,0,0,0,0,0
kin_dev_track_a_00069,ikinyabupfura nishusho yubwenge shushanya ubwenge bwawe uko ushaka,0,0,0,0,0,0
kin_dev_track_a_00070,Amakuru y’Ifungwa rya Dr Lazaro Sebitereko usanzwe ari Umuyobozi akaba na Nyiri Kaminuza izwi nka UEMI (Université Eben Ezer de Minembwe) yamenyekanye ku wa 27 Kamena 2023 ubwo yari avuye gusura ibikorwa bye muri Minembwe.,0,0,0,0,0,0
kin_dev_track_a_00071,"Nyuma y’urupfu rw’umubyeyi wabo witabye Imana mu minsi ishize, nibwo uyu musore yabonye ibyo Bad Rama yanditse ahita atangira kwemera ko baba banavukana kuko yabonaga neza amazina y’umubyeyi wabo ahuye.",0,0,0,0,0,0
kin_dev_track_a_00072,"Uyu musore yatangiye akora mu bijyanye n’ifatwa ry’amashusho y’indirimbo cyane ko yagize uruhare mu ndirimbo zirimo ‘Please Me’, ‘Urankunda’, ‘Birenze’ za Juno Kizigenza na ‘10 Days’ ya Ariel Wayz.",0,0,0,0,0,0
kin_dev_track_a_00073,"Ati “Ntabwo nigeze mbonana uwari umugabo wanjye ari kumwe n’abagore n’abakobwa badafitanye isano, yahoraga ari kumwe n’abasore b’inshuti ze bikanshimisha kuko numvaga ko atanca inyuma.”",0,0,0,0,0,0
kin_dev_track_a_00074,"@<username> Azagire ibiruhuko byose😄 uwiyishe ntaririrwa, twamubwiye Kenshi kuva mubyo arimo yigira danger.",0,0,0,0,0,0
kin_dev_track_a_00075,Aba batipe ubu barwaye iyihe ndwara ra! Icyo bakora cyose bamenye ko hari umurongo utukura utarengwa! ##URL##,0,0,0,0,0,0
kin_dev_track_a_00076,@<username> @<username> @<username> @<username> @<username> @<username> @<username> @<username> @<username> @<username> @<username> Nibareke kugushinja noneho ahubwo ngwino twubake U Rwanda nta mpamvu yo gututira dutanya. U Rwanda rwarahinduuuuuuuutse kdi ruriteguye kubakira,0,0,0,0,0,0
kin_dev_track_a_00077,@<username> 😂😂😂 Umva inama ureke izo business 🙄🙄,0,0,0,0,0,0
kin_dev_track_a_00078,"Uwo mukozi (Nirere Dative) yasanze ako kana gato kari kurira, aragafata aragahendahenda kamaze gutuza ashakisha Rutiyomba Elsie ariko ngo aramubura.",0,0,0,0,0,0
kin_dev_track_a_00079,"Mu gukomeza gushaka imbaraga zamufasha kurwanya M23 mu buryo bwa gisirikare aho kuba ibiganiro nk’uko yakomeje kubigirwamo inama, Tshisekedi kuva kuri uyu wa Gatandatu yagiriye uruzinduko mu mujyi wa Oyo, muri Repubulika ya Congo.",0,0,0,0,0,0
kin_dev_track_a_00080,"Yakomeje agira ati “Ntabwo twakwiyumvishije ko gusomana nta burenganzira bw’uwo ubikorera ari ikintu ‘kibaho’.""",0,0,0,0,0,0
kin_dev_track_a_00081,"Mbega igisebo.""",0,0,0,0,0,0
kin_dev_track_a_00082,Ubwiza bwaho bugagarira mu biti n’indabo nziza zihatatse zituma ibirori bihabereye birushaho kuba byiza.,0,0,0,0,0,0
kin_dev_track_a_00083,"Minisitiri Uwizeye ati “Kutagira itegeko bigira ingaruka ku nzego zishinzwe kugenzura imipaka, kuko iyo abagenzi bamaze kwemererwa kwinjira, amakuru yabo arambuye yoherezwa izo nzego kugira ngo ziyasuzume zigereranyije n’amakuru abitswe mu bubiko shingiro.”",0,0,0,0,0,0
kin_dev_track_a_00084,"@<username> @<username> Mwakoze cyane Mrs Anne, dusabye @<username> gukurikirana iki kibazo Uyu mudamu Adelphine akarenganurwa @<username>",0,0,0,0,0,0
kin_dev_track_a_00085,@<username> nibiki byananiranye gukemura ariko kuva mu gitondo??,0,0,0,0,0,0
kin_dev_track_a_00086,"@<username> Umva niba utazi kuganira, jya uceceka. Nshobora kuba nataye igihe cyanjye nsubizanya nawe!",0,0,0,0,0,0
kin_dev_track_a_00087,"@<username> @<username> Harimo ubugome bukabije. Ni uko utabonye igiti ajya azirikiraho abantu, nakibonye muri tweet ya @<username> ndumirwa",0,0,0,0,0,0
kin_dev_track_a_00088,"Abo bose batangiye ubujura bakiyoborwa na Ndagijimana ni abitwa; Ukobizaba Martin, Madamu Muhuri Jean Marie Vianney, Nderebeza Anastase, Nzayo Michel na Shirampaka Anastase.",0,0,0,0,0,0
kin_dev_track_a_00089,"Umwe mu bayobozi bagize uruhare mu ifatwa rye yatangaje uyu mugabo amaze gufatwa, yayobewe ibimubayeho kuko ngo atiyumvishaga ko nubwo yafatwa, yasangwa aho akorera uburinzi mu mirima y’imizabibu.",0,0,0,0,0,0
kin_dev_track_a_00090,@<username> Ibyo byo ntitwabitindaho but why wabigaruye mwashwanye??? 😂😂😂😂,0,0,0,0,0,0
kin_dev_track_a_00091,"Bijya gutangira, yabanje gusa n’unanirwa gusoma ubutumwa bugize ijambo yagombaga kuvuga, cyangwa ukaba wakeka ko hari urupapuro abuze yagombaga kwifashisha, ariko akitsa imitima cyane, ananyuzamo ati ""mumbabarire.""",0,0,0,0,0,0
kin_dev_track_a_00092,“Baraka yaje kugira ngo ibere igisubizo ba bana batoya bafite impano kugira ngo nabo bisange mu mwuga.”,0,0,0,0,0,0
kin_dev_track_a_00093,@<username> @<username> kandahi ni mundiri yubusambanyi nubusinzi ahubwo abe ariho bimurira imisigiti maze hahire rimwe,0,0,0,0,0,0
kin_dev_track_a_00094,Usanga inzu z’imideli zo mu Rwanda kugira ngo zigeze imyambaro zayo ku banyamahanga batari mu gihugu hifashishwa ikoranabuhanga.,0,0,0,0,0,0
kin_dev_track_a_00095,Uyu muraperi yabonye amasutiye abaye menshi ku rubyiniro ahagarika kuririmba abanza kuyakusanya ari nako abasaba guhagarika ibi bikorwa.,0,0,0,0,0,0
kin_dev_track_a_00096,"Ati ""Hari ushobora kwambara ikariso akajya mu muhanda, akumva ko yambaye ariko undi wowe wamubona, atari n’ikariso yambaye ijipo ngufi, ukavuga uti ishyano ryaguye.",0,0,0,0,0,0
kin_dev_track_a_00097,Byanze bikunze Imana yumva gusenga. Nabihamya! Ndifuza ko uyu munsi Imana yumva gusenga kwawe pe. 🧎‍♂️ UMUNSI MWIZA,0,0,0,0,0,0
kin_dev_track_a_00098,"Niyo abashyitsi bawe baba arabanyamahanga, turabatekera just dial 0787056673 for the best catering service ##URL##",0,0,0,0,0,0
kin_dev_track_a_00099,"#Kwibuka27: Patycope,@<username> , @<username> na @<username> biyamye abapfobya Jenoside yakorewe Abatutsi - ##URL## ##URL## ✍️ @<username>",0,0,0,0,0,0
kin_dev_track_a_00100,"Ubundi umuntu ntiyakabaye yaratuyemo, ni yo mpamvu ubu iziri kwimurwamo abantu tuzikuraho.”",0,0,0,0,0,0
kin_dev_track_a_00101,"Ati “udukingirizo turabura, natwe tubahagarariye hari igihe tujya ku kigo nderabuzima tukatubura.",0,0,0,0,0,0
kin_dev_track_a_00102,"Yakomeje ati ‘‘Ariko haje kuvuka abarokoye iki gihugu, mu byo bashyize ku murongo no mu byo bashakaga n’ubundi kubohora harimo n’umugore n’uburenganzira bwe.’’",0,0,0,0,0,0
kin_dev_track_a_00103,"Ni ubutumwa Perezida Tshisekedi yatanze ubwo we na mugenzi we wa Botswana, Mokgweetsi Masisi bari mu kiganiro n’Itangazamakuru aho yavugaga kuri manda y’Ingabo za EAC, agaragazaga ko zaje kurengera iki gihugu cye kimaze kuzahazwa n’intambara nubwo inshuro nyinshi agaragaza ko ntacyo zifasha.",0,0,0,0,0,0
kin_dev_track_a_00104,Wakoze cyane @<username> iki nicyo gihe ngo twunge hamwe buri wese n'impano ye mu cyo ashoboye ngo turwanirire igihugu cyacu. ##URL##,0,0,0,0,0,0
kin_dev_track_a_00105,Ati “Nari maze igihe ntegereje kuzatabwa muri yombi”.,0,0,0,0,0,0
kin_dev_track_a_00106,"Meme ,mukuru wa meme, fuc* mukubita rukoko, nyangufi nyirazo Ngayo amazi y intoki🖖",0,0,0,0,0,0
kin_dev_track_a_00107,"@<username> Kera mugihe cyacu haruwo nahaye pass yumushuti wange inda ihita yinjira nuyu munsi aracyarerera umwana home, ubwo c sinatabawe?ahaa",0,0,0,0,0,0
kin_dev_track_a_00108,"@<username> @<username> @<username> @<username> @<username> @<username> @<username> Uyu ni nyirabuja rwose, mugihe batamuvanye mubantu azakomeza gushyira uburozi mubantu.",0,0,0,0,0,0
kin_dev_track_a_00109,@<username> Twizere ko muzagabanya Ubujura mudukorera 1 internet slow 2 network fail . 3 guhamagara umuntu ukamubura kandi phone ye Iriho. MTN mukosore miratubabaza,0,0,0,0,0,0
kin_dev_track_a_00110,"@<username> @<username> @<username> Insyanutsi ni wowe, wiha gutuka abantu kubera posts zabo! Jya ureba ibikureba. Abo wavuze ni ba sisters banjye!",0,0,0,0,0,0
kin_dev_track_a_00111,"@<username> @<username> Ako kantu we. Urumva kwitwa izina ry’ikinyarwanda, hanyuma iry’iburayi..ukibaza aho umuntu ahagaze, ukahabura.",0,0,0,0,0,0
kin_dev_track_a_00112,"Ati “Nkimara kubona ko ndamutse nshyize imbaraga muri uyu mukino hari icyo wazangezaho, nahize kuzaba umukinnyi mwiza muri Afurika kandi natangiye kugenda mbigeraho.”",0,0,0,0,0,0
kin_dev_track_a_00113,"Kugeza ubu abakinnyi basigaye mu mwiherero ni Ngaboyintwari Cedric, Mahoro Nsabimana Ivan, Ntanteteri Crispin, Gisubizo Merci, Kwizera Eric, Niyonshima Samuel, Ndahayo Dieu Est La, Niyonkuru Gloire na Akumuntu Kavalo Patrick.",0,0,0,0,0,0
kin_dev_track_a_00114,Ntakubeshye uteye isesemi nk'umubiri wasazwe n'ibibembe.,0,0,0,0,0,0
kin_dev_track_a_00115,"ivuga ko kugeza ubu nta muntu urahanirwa gukoresha amazi atabifitiye uruhushya kuko yabanje gushyira imbaraga mu bukangurambaga, icyakora ngo hari igihe kizagera abayakoresha badafite impushya bahanwe.",0,0,0,0,0,0
kin_dev_track_a_00116,"Igaruka ku musore wagiye mu kabari akahahurira n’umukobwa bagahuza urugwiro ariko umukobwa akajya yirya, umusore yagera aho akamubwira ko ibyo yigira byose baratahana.",0,0,0,0,0,0
kin_dev_track_a_00117,"Ati “Kuri ubu ibigabiro bihari ni ibiti by’imivumu, birumvikana ntabwo ibiti byamaraho igihe kirekire bigera aho bigasaza.",0,0,0,0,0,0
kin_dev_track_a_00118,"Ati “Mu Rwanda ikibura ni uko abantu bahumuka, batinyuka, bakumva ko isoko ari iryabo kandi nidutinda ayo mahirwe azadupfira ubusa.",0,0,0,0,0,0
kin_dev_track_a_00119,@<username> @<username> @<username> Basigaje kukubwira ngo nihagira ikipe itsinda igitego uyifana ntuzitere hejuru birabujijwe kuri minister!,0,0,0,0,0,0
kin_dev_track_a_00120,Ati “Igihe bambwiraga ko tugiye gusenya uru rusengero nagize gushidikanya ariko benshi bankuyemo uko gushidikanya.,0,0,0,0,0,0
kin_dev_track_a_00121,"Yari umwarimu w’umunyamahane, yigeze no kurwana n’uwari wungirije Umuyobozi wa Kaminuza.",0,0,0,0,0,0
kin_dev_track_a_00122,Munyarwanda mfasha dusindagizanye Mperekeza undinde kurira Gira ubumuntu Kuko muri njye nawe niho hari icyizere cy u Rwanda #Kwibuka27 ##URL##,0,0,0,0,0,0
kin_dev_track_a_00123,Gahekenye ibikonoshwa.,0,0,0,0,0,0
kin_dev_track_a_00124,"@<username> Uvuze ukuri kuzuye,ushaka amahoro arambye yirinda iyo ##URL## blessed",0,0,0,0,0,0
kin_dev_track_a_00125,"Nubwo yemeye icyaha ariko, yagaragaje ko Twagirayezu ari we wagize uruhare mu gupfa kwe kuko avuga ko iyo uwo mugabo atazana inyundo ashaka kuyibakubita batari kumwica.",0,0,0,0,0,0
kin_dev_track_a_00126,@<username> @<username> @<username> @<username> @<username> @<username> @<username> @<username> @<username> @<username> @<username> Amabyise ya shitani abasate konjye ntakoresha toilet hamwe nasatani 😂😂,0,0,0,0,0,0
kin_dev_track_a_00127,Mu myaka itandatu yakurikiyeho hatangiye ubusabe bwo gushyiraho diyosezi ya Kibuye n’ubu bugikomeje.,0,0,0,0,0,0
kin_dev_track_a_00128,@<username> @<username> @<username> @<username> @<username> @<username> @<username> @<username> @<username> @<username> Chn nukuri woweho ndabona ufite imitekerereze iri poor kbx Abahe bandi x erura ubavugeee,0,0,0,0,0,0
kin_dev_track_a_00129,"Tugomba kwihutira kubishyira mu bikorwa kuko ni yo mahirwe dufite nk’Abanyafurika, nidutinda kwihuza no kubyumva kimwe abashaka kuyasenya barahari kubera ko bari kubura isoko.”",0,0,0,0,0,0
kin_dev_track_a_00130,@<username> Mbakura mu bukene nimanukira,0,0,0,0,0,0
kin_dev_track_a_00131,Yagize ati “Turashishikariza abanyeshuri kwitabira iyi gahunda kuko ibongerera ubumenyi mu by’iterambere ry’ikoranabuhanga rya interinet.,0,0,0,0,0,0
kin_dev_track_a_00132,"Iyo raporo yagaragaje ko Basabose afite ibibazo bikomeye by’uburwayi bwo mu mutwe, ko atabasha kwibuka, adafite ubushobozi bwo gushyira mu gaciro, akagira ibibazo by’imyitwarire no gutega amatwi ibyo abwirwa.",0,0,0,0,0,0
kin_dev_track_a_00133,"@<username> @<username> Joyeux noces de laine bantu mfana! 👏🏾👏🏾👏🏾 Nyagasani akomeze abubakire, uyu munsi by'umwihariko namwe mwigurire akantu!",0,0,0,1,0,0
kin_dev_track_a_00134,@<username> n'inzu y'ibitabo nkatwe urubyiruko 🤗 Imana imuhe kuramba🤗 arambana ibyo adufitiye🙌 ##URL##,0,0,0,0,0,0
kin_dev_track_a_00135,Hari ibintu byinshi umuntu yavugaho.,0,0,0,0,0,0
kin_dev_track_a_00136,"@<username> @<username> @<username> @<username> @<username> @<username> @<username> @<username> @<username> None c wamenye ibyawe ibya Kagame ukabimurekera, ko nawe numva utorohewe",0,0,0,0,0,0
kin_dev_track_a_00137,"Abantu bamwe bateza imbere ubuzima bwawe mu kubujyamo, mu gihe abandi bantu bazamura ubuzima bwawe mu kubuvamo.",0,0,0,0,0,0
kin_dev_track_a_00138,Umwana wanjye yaguye ku gikontineri ni ho bamwiciye ahari bariyeri bamuzana aha ariko ntabwo nari mpari.”,0,0,0,0,0,0
kin_dev_track_a_00139,"Itangazamakuru rivuga ko uyu musore yategeye Nargis mu gace yakundaga kunyuramo avuye kwiga akamusaba ko bashyingiranwa arabyanga, ahita amukubita icyuma mu mutwe umukobwa agwa aho aravirirana kugeza ashizemo umwuka.",0,0,0,0,0,0
kin_dev_track_a_00140,"Ati “N’ubu nagiye muri Canada, njya mu giterane, mu bikorwa by’umurimo w’Imana, n’ubwo byatinzeho ariko nongeye ndagarutse.",0,0,0,0,0,0
kin_dev_track_a_00141,"Bishimangirwa n’umuforomokazi wo mu Kigo Nderabuzima cya Gashaki, Niragire Jacqueline, uvuga ko nk’abashinzwe gukurikirana ubuzima bw’umugore n’umwana, iyo mashini izabafasha kumenya ibibazo ababyeyi batwite bahura na byo ku buryo buteye imbere.",0,0,0,0,0,0
kin_dev_track_a_00142,Murakoze cyaneeee Ntabwo bizongera Arko nidutwara igikombe Uwo munsi muzawuduhe twishime ##URL##,0,0,0,0,0,0
kin_dev_track_a_00143,@<username> @<username> Nyamara uzaba utumye twiyongerera agafumbire mu murima,0,0,0,0,0,0
kin_dev_track_a_00144,@<username> @<username> @<username> @<username> @<username> Fatisuka ujyeguhinga ureke kujajwa! Nubundi ntiwamenya math ngumenye na football!! Jya kurya amacaki,0,0,0,0,0,0
kin_dev_track_a_00145,Yagize ati “Ni amazi aturuka mu mirenge ya ruguru y’Akarere kacu; yaje ubona ari make ariko bigaragara ko yagiye yiyongera.,0,0,0,0,0,0
kin_dev_track_a_00146,"Hari igihe utereta umugangakazi,yakureba mumaso yawe aho kubona urukundo akakubonamo Malaria 😂",0,0,0,0,0,0
kin_dev_track_a_00147,Ntabirenze rwose ntugire ikibazo byose burya ni yale yale chr... #Rwanda #RwOT #RwotGain #Anonymous #abolishNATO #ashtray #AmericanIdol #AllowCrowdinMohali #ATEEZDESERVESBETTER #AtinysApologizeToSoyeon #AbujaTwitterCommunity ##URL##,0,0,0,0,0,0
kin_dev_track_a_00148,@<username> Nta wanyoye inka ugira umunabi cg ngo abe ikigwari cg se ngo abe igifura🙏🏾,0,0,0,0,0,0
kin_dev_track_a_00149,@<username> Ntako namwe ntimugakabye 😂😂😂uziko iyi mihanda ikomeje kunca intege kugukomeza umushinga wanjye uri muri stu kubera ubwoba bwa critiques🤣🤣🤣,0,0,0,0,0,0
kin_dev_track_a_00150,"Umwe mu bazi neza imikorere y’iri huriro rishya yabwiye IGIHE ko ntaho ritandukaniye n’andi yabanje, ndetse ko nubwo amaherezo y’uko rizarangira, agaragarira mu ntangiro ryaryo, ku buryo ibyo barimo ari nko gukama ikimasa.",0,0,0,0,0,0
kin_dev_track_a_00151,Hello my friends Mukomeze gukurikiza amabwiriza yo kwirinda gukwirakwiza icyorezo cya covid-19. Kwirinda kujya ahantu hateraniye abantu benshi. ##URL##,0,0,0,1,0,0
kin_dev_track_a_00152,"@<username> Kugwa miswi bibaye ubutwari ya ndirimbo y'abarokore igira iti: """"Waba wararuhiye iki?"""" Yajya ihora iturwa Amavubi!!!",1,0,0,0,0,0
kin_dev_track_a_00153,"Nyiransabimana Francine wo mu Murenge wa Rukomo we yagize ati ""Iyo byabaga ari ngombwa ko umuntu baramubaga, yajyaga Nyagatare, ugasanga haruzuye kubera ko abarwayi babaga ari benshi.",0,0,0,0,0,0
kin_dev_track_a_00154,"Ni abantu ubona ko bifashije ariko yatwitse inzu ye agamije guhima umugore"".",0,0,0,0,0,0
kin_dev_track_a_00155,"Akarere ka Nyaruguru gahana imbibi n’u Burundi, ku buryo hari n’abaturage b’icyo gihugu bagana Ibitaro bya Munini.",0,0,0,0,0,0
kin_dev_track_a_00156,@<username> Duharanire ko ibibi byabaye bitongera kubaho.,0,0,0,0,0,0
kin_dev_track_a_00157,"Hari uwabwiye IGIHE ati “Aho mbona bishobora kubangamira ubumwe, ni uko abantu bashobora gutangira kwireba muri iyo ndorerwamo y’ubwoko bwabo, noneho nko mu gihe cyo gutanga imirimo, niba mwamaze kubikora nk’umuryango, hakaza ikimenyane.",0,0,0,0,0,0
kin_dev_track_a_00158,"Umucamanza yabajije aho urutonde rw’imitungo Kabuga afite mu Rwanda rwaturutse, Me Bayingana asubiza ko urutonde rw’ibigaragaza umutungo we ari amakuru yashatswe avuye mu Kigo cy’Igihugu gishinzwe Ubutaka.",0,0,0,0,0,0
kin_dev_track_a_00159,"Abaturage ba @<username> mu gikorwa cy Gutera igiti cyamahoro , Gusura iriba ryamahoro, Gusura inzu zisanywa zabatishoboye mu bukangurambaga bwo kurwanya #covid19 @<username> @<username> @<username> @<username> ##URL##",0,0,0,0,0,0
kin_dev_track_a_00160,"@<username> @<username> @<username> Abantu! Yakavuze ngo : """"kubana n'abagore"""" apana gutunga kuko si umutungo cg amatungo!",0,0,0,0,0,0
kin_dev_track_a_00161,@<username> Ikibazo nuko banze kuyishyira kuri YouTube,0,0,0,0,0,0
kin_dev_track_a_00162,"Yavuze ko nta mpungenge z’ubunini bwa BK Arena, inyubako y’imyidagaduro isanzwe yakira abagera ku bihumbi 10 mu gihe yuzuye neza.",0,0,0,0,0,0
kin_dev_track_a_00163,@<username> @<username> Inzira yanyuzemo nyamara nawe wayinyuramo ugasezerera ubukene,0,0,0,0,0,0
kin_dev_track_a_00164,@<username> Buriy yashakaga ko mureba itara rijimije,0,0,0,0,0,0
kin_dev_track_a_00165,Yibukije kandi ko ubuyobozi bw’u Rwanda ruha agaciro gakomeye imibanire y’ubucuti n’ubufatanye buri hagati y’ibihugu byombi.,0,0,0,0,0,0
kin_dev_track_a_00166,@<username> Niba DRC ibona koko u Rwanda rutera inkunga M23 nirwane nayo iyitsinde nk'uko yatsinda u Rwanda.,0,0,0,0,0,0
kin_dev_track_a_00167,"Ati ""Njye narembekaga Kanyanga tukayinjiza ku Mupaka wa Gatuna ariko bamwe barafatwaga bagafungwa, abandi bakaraswa kuko banyuraga mu nzira zitemewe bigafatwa nko guhungabanya umutekano wo ku mupaka.",0,0,0,0,0,0
kin_dev_track_a_00168,@<username> @<username> @<username> @<username> @<username> @<username> @<username> @<username> @<username> @<username> @<username> Hhhhhh induru bayiha umunwa ngo babashimuse,0,0,0,0,0,0
kin_dev_track_a_00169,Ndambiwe abantu muri kugend mwandika ibisobanuro byamazina yanyu kur story mutubabarir turabaz bihagij 🤨🤨🤦🏽‍♀️ ##URL##,0,0,0,0,0,0
kin_dev_track_a_00170,Uyu mugabo yanagiye yandikira umugore we ubutumwa bugufi kuri telefoni amutera ubwoba.,0,0,0,0,0,0
kin_dev_track_a_00171,"Yvan Buravan yitabye Imana akiri muto cyane ko yari aherutse kwizihiza isabukuru y’imyaka 27 y’amavuko, icyakora ku rundi ruhande nubwo yari muto mu myaka mu bikorwa yari ari guhiganwa n’abakuze.",0,0,0,0,0,0
kin_dev_track_a_00172,"@<username> @<username> @<username> @<username> @<username> Birababaje rwose kubona hakiriho abantu bakimeze gutya,nukuri abafatwa bose bazakanirwe urubakwiye rwose.",0,0,0,0,0,0
kin_dev_track_a_00173,"@<username> Turifuza ko muba abayobozi bafite urukundo; urukundo rwubaka icyizere, nacyo kikubaka ubufatanye, ubufatanye bugafasha kugera ku ntego. #UmuturageKuIsonga ##URL##",0,0,0,0,0,0
kin_dev_track_a_00174,"Mu bugarijwe n’inzara, bibiri bya gatatu ni abagore kandi 80 % baba mu bice byugarijwe n’imihindagurikire y’ibihe.",0,0,0,0,0,0
kin_dev_track_a_00175,@<username> Uwo mubyeyi ni arame.,0,0,0,0,0,0
kin_dev_track_a_00176,"Ibiganza byibuka gutanga biragahabwa umugisha n'Imana. Wowe wibuka : -gufasha abatishoboye, -Kuzamura ababuze ubushobozi... Nyagasani abane nawe uyu munsi",0,0,0,0,0,0
kin_dev_track_a_00177,Yavuze ko kuba muri iyi gare harimo icyumba umukobwa ashobora kwifashisha mu gihe ari mu rugendo bigaragaza ko politiki ya Leta y’iterambere ridaheza igenda igera kuri bose ku buryo ngo abagore bazajya bayinyuramo bazajya baba bafite umutekano no kwisanzura.,0,0,0,0,0,0
kin_dev_track_a_00178,Ishami ry’Umuryango w’Abibumbye ryita ku Buzima [OMS] rigaragaza ko impanuka zo mu muhanda ziri ku mwanya wa munani mu kwica abantu benshi.,0,0,0,0,0,0
kin_dev_track_a_00179,"Itsinda rya gatatu ririmo Mali, Uganda na Sénégal mu gihe irya kane riyobowe na Nigeria, Misiri na Repubulika Iharanira Demokarasi ya Congo.",0,0,0,0,0,0
kin_dev_track_a_00180,"Ubwoba ni uko iyo utoye umukandida ushobora kugushyira imbere, nawe uba uri mu bibazo aho ushobora kugirirwa nabi, gushyirwaho ibirego ndetse ukanafungwa n’ubu butegetsi bwa Washington.”",0,0,0,0,0,0
kin_dev_track_a_00181,"Aba bana n'abahanga cyane,uretse ubuzima bw'ishuri babamo bwa buri munsi ,n'imyidagaduro barashoboye peee! n'abarezi ntibasigaye inyuma ##URL## @<username> @<username> @<username> @<username> @<username> ##URL##",0,0,0,0,0,0
kin_dev_track_a_00182,@<username> Police yacu ku Isonga Ndabakunda cyaneeee,0,0,0,0,0,0
kin_dev_track_a_00183,@<username> @<username> @<username> @<username> @<username> @<username> Bata umwanya kandi bari mu kazi muvandi🤣🤣 nibyiza kuko n'umutoza arimo baramufasha mu bitekerezo,0,0,0,0,0,0
kin_dev_track_a_00184,Iri vangura rikomeza kuzamuka umunsi ku wundi kuko byabaye bibi cyane ku kigero cya 20% ugereranyije n’uko byari bimeze mu 2014.,0,0,0,0,0,0
kin_dev_track_a_00185,@<username> Kubera ikibazo cyuko nsanze harimo urubuga ntakoresha mbaye nifashe 5.pornhub kandi wasanga arirwo rutwika peu muri comment arko 😂😂😂😂,0,0,0,0,0,0
kin_dev_track_a_00186,@<username> @<username> Edith akuriye umutwe w untera ubwoba arega urebe ko nanakopfora 😂,0,0,0,0,0,0
kin_dev_track_a_00187,Yongeyeho ko nyuma y’uko umugore amenye ko umugabo we yazanye undi mugore mu kindi cyumba yararagamo yahise ajyamo atangira kumukubita.,0,0,0,0,0,0
kin_dev_track_a_00188,"Ubushinjacyaha buvuga ko babeshye uwo muzunguzayi ko bamuboneye akazi mu Bwongereza, birangira yisanze kwa muganga aho bagombaga kumuvanamo impyiko.",0,0,0,0,0,0
kin_dev_track_a_00189,Uyu mutangamakuru yavuze ko hashize iminsi Perezida Tshisekedi yigereza buri wese utavuga rumwe n’u Rwanda harimo na FDLR.,0,0,0,0,0,0
kin_dev_track_a_00190,Ni umuntu wabashije kubeshya isi ko ari we warokoye abatutsi barenga 1000 muri Mille Collines.,0,0,0,0,0,0
kin_dev_track_a_00191,Mwatubwira aho ishyirwa mu bikorwa ryayo rigeze ?,0,0,0,0,0,0
kin_dev_track_a_00192,"Mu izina rya buri wese mu ikipe, tubabajwe no gutandukana nawe ariko turamwifuriza amahirwe ku hazaza he.”",0,0,0,0,0,0
kin_dev_track_a_00193,Amahoro agarutse twakunguka.,0,0,0,0,0,0
kin_dev_track_a_00194,"🎹🎸🎷🎺🎻🥁🎙Nshuti yanjye umva🥳 """"Jyufata umwanya wiherere maze umoke, nushaka no guheba ntihakagire ikigutangira""""😁😁😁😁😁 ##URL## ##URL##",0,0,0,0,0,0
kin_dev_track_a_00195,"Aba ariko si abanyamakuru. Ni genocide ideology yabasaritse, nta bunyamakuru mbonye aho. Pfffffg!!! ##URL##",0,0,0,0,0,0
kin_dev_track_a_00196,"Ese @<username> and @<username> , akavura nkaka mukumva mute? Ubuse har icyo kabamarira ra cg singombwa nceceke😜",0,0,0,0,0,0
kin_dev_track_a_00197,I love them and she’s hot😍😍 #FakeProfile,0,0,0,1,0,0
kin_dev_track_a_00198,"Muri urwo rugendo Unity Club ikaba yarabaye umufatanyabikorwa we, kandi umusaruro uragaragara cyane ko benshi mu bana barerewe mu kigo babaye ababyeyi bafitiye igihugu akamaro.”",0,0,0,0,0,0
kin_dev_track_a_00199,"Umuyobozi Mukuru w’Ibitaro bya Munini, Dr Uwamahoro Evelyne, yavuze ko ibitaro bakoreragamo mbere byari bito, ku buryo wasangaga harimo ubucucike bw’abarwayi.",0,0,0,0,0,0
kin_dev_track_a_00200,Ariko nabonye umupira myugariro atanze mbanza kugira ubwoba.,0,0,0,0,0,0
kin_dev_track_a_00201,Abatsobe ni bo bahawe umurage w’ikubitiro wo gutanga abatabazi b’Abacengeri bamenaga amaraso yabo ngo u Rwanda rutsinde amahanga yarugabyeho igitero cyangwa se icyo rwagabye mu mahanga.,0,0,0,0,0,0
kin_dev_track_a_00202,"Ariko iyo uzi ko uhari umuzi wumva uzakina uko byamera kose, iryo hangana ntacyo ryakugezaho.”",0,0,0,0,0,0
kin_dev_track_a_00203,Hariya muri gereza ya rusange ni ikibazo kuri we n’abandi bagororwa kuko ntiyagenewe kwakira abafite ibibazo byo mu mutwe.”,0,0,0,0,0,0
kin_dev_track_a_00204,Inzu Musabyimana yubakiwe yayihawe irimo n’ibikoresho ku buryo ubuzima bwe bwahindutse mu buryo bugaragara.,0,0,0,0,0,0
kin_dev_track_a_00205,"Aho ibintu byerekeza muri Congo ntabwo hagaragara, icyakora uku kwikanga ibyegera n’abatavuga rumwe na Leta bishobora guteza imvururu mu gihe habura igihe gito igihugu kikajya mu matora cyangwa bikarakaza bamwe mu basirikare bakuru, bakaba bagambanira Tshisekedi.",0,0,0,0,0,0
kin_dev_track_a_00206,"Nubwo bimeze gutyo, amakusanyabitekerezo yose ari gukorwa agaragaza ko Trump ari we uhabwa amahirwe mu bakandida bo muri iryo shyaka.",0,0,0,0,0,0
kin_dev_track_a_00207,"Amahoro mwese bantu ba hano,Uyu munsi Imana ibiteho murusheho kugirirwa neza na Nyagasani.Yellow Paper ,amasaha yongerewe,duhahe turonke.",0,0,0,0,0,0
kin_dev_track_a_00208,"Tubikurikiranira hafi, kubona abaturage bagira ivangura, ni nacyo gituma Afurika tudatera imbere.",0,0,0,0,0,0
kin_dev_track_a_00209,Umuntu w'inshuti ya Bruce melody amugire inama yo kureka music 🚮🚮,0,0,0,1,0,0
kin_dev_track_a_00210,"Ariko ibyo ahimba byose, ajye agerageza nibura gushyiramo ubwenge! Hari ikintu udashobora kubeshya ngo gifate. ##URL##",0,0,0,0,0,0
kin_dev_track_a_00211,@<username> @<username> Aaahaaa nones ko na migabane ufitem wabinywerey mwan I Gihara @<username>,0,0,0,0,0,0
kin_dev_track_a_00212,@<username> @<username> @<username> @<username> Turaje turaje mu menye ko Umurongo wa 4G ari Umurongo mwiza kdi wihuta,0,0,0,0,0,0
kin_dev_track_a_00213,"Zimwe muri izo mpamvu zagaragajwe harimo kuba umunsi Akeza yapfaga, Mukanzabarushimana ari we wari wasigaye ku rugo no kuba mu buhamya bwatanzwe n’umukozi wo mu rugo bigaragara ko ari Mukanzabarushimana ufite uruhare mu rupfu ry’uyu mwana.",0,0,0,0,0,0
kin_dev_track_a_00214,Sukwirata pe gusa iyo bampamagaje Android nkavugira kuri phone umwanya munini bintera allergie zo kunuka mukwaha 😒🤸‍♂️🤸‍♂️🤸‍♂️🤸‍♂️🤸‍♂️ ##URL##,0,0,0,0,0,0
kin_dev_track_a_00215,@<username> Gahunda nukumva ikinamico igice cya Gatatu @<username> #hafiyawe turabashimira 🙏🙏,0,0,0,0,0,0
kin_dev_track_a_00216,"Yakomeje avuga ko “Gusa nanone iyo uyikoresha abaye imbata yayo atakaza bwa bushobozi yari afite bwo kwitekerereza, bukagenda bugabanuka gahoro gahoro.”",0,0,0,0,0,0
kin_dev_track_a_00217,"Me Bayisabe yavuze ko umukiliya wabo ashobora gutegekwa kugira ibyo yubahiriza, mu gihe yaba arekuwe, kandi ko ntaho yatorokera cyane ko urwandiko rwe rw’inzira rwafatiriwe n’Ubushinjacyaha, yibutsa Urukiko ko n’imipaka y’u Rwanda irinzwe neza ku buryo ntaho yanyura.",0,0,0,0,0,0
kin_dev_track_a_00218,"Iki giterane giteganyijwe kuva ku wa 8-11 Kanama 2023, kizayoborwa na Apôtre Mignone Kabera cyatumiwemo kandi Pastor Jessica Kayanja wo muri Uganda, Apôtre Elhadj Diallo uzaba aturutse muri Canada n’umuhanzi Simfukwe Rehema Richard wo muri Tanzania.",0,0,0,0,0,0
kin_dev_track_a_00219,"Abaturage babwiye IGIHE ko uyu mugabo yari amaze gukubita umugore we, umwana we ahita atabaza abaturae kugira ngo atamwica maze aba ari we ahita yica.",0,0,0,0,0,0
kin_dev_track_a_00220,"Itorero Indejuru ry’umuhanzi Musinga Joseph, rifite umwihariko wo kugira abana bakiri bato ariko bazi kubyina no guhamiriza bya Kinyarwanda ryafashije abakiri bato kugaruka ku muco wabo bitanga icyizere cyiza cy’ejo hazaza.",0,0,0,0,0,0
kin_dev_track_a_00221,Yongeyeho ko uyu musore akimara kwica se wabo yahise atoroka ndetse yatangiye gushakishwa.,0,0,0,0,0,0
kin_dev_track_a_00222,"Ati “Twagize umwanya wo gutoza, kwigisha abagomba gukomeza gukora imirimo y’Imana.",0,0,0,0,0,0
kin_dev_track_a_00223,Umuntu aba yataye umutwe.’’,0,0,0,0,0,0
kin_dev_track_a_00224,"""Turi kugerageza telefoni ye ngendanwa ntiboneke ku murongo ndetse n’imbuga nkoranyambaga ze turamwandikira ntasubiza.",0,0,0,0,0,0
kin_dev_track_a_00225,Ifite kandi komite iyobowe na Muhizi Vedaste kuva muri Kamena.,0,0,0,0,0,0
kin_dev_track_a_00226,Ako ngo kwa Tayc Hari hari Inana zirenze?😩,0,0,0,0,0,0
kin_dev_track_a_00227,"Itangazo yashyize ahagaragara kuri uyu wa Mbere rigira riti “Ukunanirwa kwa Uganda mu kurengera uburenganzira bw’abo mu muryango wa LGBTQ+ ni kimwe mu bigize ihungabana ry’uburenganzira bwa muntu bishyira abaturage ba Uganda mu kaga no guhumanya isura y’igihugu nk’ahantu habereye ishoramari, iterambere, ubukerarugendo n’impunzi.”",0,0,0,0,0,0
kin_dev_track_a_00228,"Erega ukuri kuraryana. Gusa baramurenganya nk'uko basanzwe barenganya inzirakarenganye, ariko avuga ibyo bakoze, iyo batabikora ntabyo aba avuga! ##URL##",0,0,0,0,0,0
kin_dev_track_a_00229,Aho bitagenze neza mbasabye imbabazi mbikuye ku mutima.,0,0,0,0,0,0
kin_dev_track_a_00230,"Muri abo banyeshuri harimo 133 b’Abanya-Sudani mu gihe abandi bakomoka mu bihugu birimo Nigeria, Jordan, Ireland, U Bufaransa n’ahandi.",0,0,0,0,0,0
kin_dev_track_a_00231,"Mu myaka ibiri ishize mba nararangije kwiga ariko byasabye ko MINUBUMWE inyishyurira amafaranga y’ishuri, hajemo n’andi masomo bansabye gusubira inyuma kurangiza ariko byose byarangiye mu mahoro ubu n’igitabo cyanjye cyemewe.""",0,0,0,0,0,0
kin_dev_track_a_00232,"Nk’umuntu wari umusirikare mukuru, yakoranaga bya hafi n’ubuyobozi mu itegurwa n’ishyirwa mu bikorwa ry’ubwicanyi bwakorewe muri Paruwasi ya Mugina, akaba kandi ngo yaragemuriraga intwaro Interahamwe zicaga Abatutsi.",0,0,0,0,0,0
kin_dev_track_a_00233,@<username> Murakoze cyane. Ubwo tuzakomeza duhurire hano kugeza dushatse guhura live tu. Aha naho mba mpari 👇👇👇👇 ##URL##,0,0,0,0,0,0
kin_dev_track_a_00234,"Byatangiye bamwe bumva baribwa mu nda, bagira ngo ni uko banyoye ikigage kidasembuye, ariko bigenda bikomera kugeza ubwo uwa mbere atatse cyane ajyanwa ku Kigo Nderabuzima n’abandi bagenda babasangayo.",0,0,0,0,0,0
kin_dev_track_a_00235,"Iyo urebye muri babantu batarashaka, usanga mu bagabo umubare w’abatarashaka uri kuri 23,2% mu batarize, bivuze ko abenshi mu batarize bashatse.",0,0,0,0,0,0
kin_dev_track_a_00236,"@<username> @<username> @<username> @<username> @<username> @<username> @<username> @<username> @<username> @<username> Nyamara uwareba uko dushyiramo intera ihagije ariko tugatarama, wasanga tunahavanye Intsinzi itari imwe.",0,0,0,0,0,0
kin_dev_track_a_00237,"Or, hier mardi 18 juillet 2023, le… ##URL##",0,0,0,0,0,0
kin_dev_track_a_00238,Namara gusinda nkaryama harimo aka volume gake muri radio mbyuka ndimushya mumutwe 😅 ##URL## ##URL##,0,0,0,0,0,0
kin_dev_track_a_00239,@<username> @<username> Aba aje kumariraho ubutuna yo kanyagwa,0,0,0,0,0,0
kin_dev_track_a_00240,AMAKURU MASHYA: Uwari umuyobozi mukuru w’ikigo @<username> Bwana @<username> yahagaritswe ku mirimo ye kugira ngo akuriranwe kubyo ashinjwa. ##URL##,0,0,0,0,0,0
kin_dev_track_a_00241,Mvana ibyo bibore by'amenyo imbere,0,0,0,0,0,0
kin_dev_track_a_00242,@<username> @<username> Bamwe ntibateka kuburyo babasha no kureba TV bategereje kurya ibyo kurya bitetswe n'umugore uri konsa!,0,0,0,0,0,0
kin_dev_track_a_00243,Biragoye kwemera ko ari umwana waremerewe n’ubuzima mu myaka itatu ishize.,0,0,0,0,0,0
kin_dev_track_a_00244,@<username> @<username> @<username> @<username> @<username> @<username> @<username> @<username> @<username> @<username> Iri shyano ry'umugome w'umugore barijyanye Madirdi koko? Muryoroyemo rwose,0,0,0,0,0,0
kin_dev_track_a_00245,"Mu gihe wicaye muri uyu mwanya, ushobora kubona ahantu uramburira amaguru ariko akazigo kawe ugirwa inama yo kukabika ahabugenewe mu gice cyo hejuru.",0,0,0,0,0,0
kin_dev_track_a_00246,Yakomeje avuga ko hari imishinga iyi kaminuza yatangiye irimo gutangira gutanga amasomo y’ubuforomo n’ububyaza muri iyi kaminuza.,0,0,0,1,0,0
kin_dev_track_a_00247,@<username> None ibyo bigabo biryamana nu Dukobwa duto byo urabitecyerezaho ki?🤔🤔😏 tuba twishyuranana😣😪🙃🙃🙃💁💁🙅🙌,0,0,0,0,0,0
kin_dev_track_a_00248,"yagaragazaga ko uwo mubikira yinangiye nyuma yo guhamagarwa n’abayobozi batandukanye bamusaba ko yatanga imbangukiragutabara y’ibitaro ngo ijye gutabara umubyeyi wari ku nda, ku Kigo Nderabuzima cya Bukanda, kugira ngo ajye kwitabwaho ku bitaro bya Gisenyi.",0,0,0,0,0,0
kin_dev_track_a_00249,Ibi byaba bivugwa ko Lizzo yabibakoreye mu myaka itandukanye harimo mu 2021 aho bavuga ko yabahatirije kujya mu bitaramo byiganjemo ibikorwa by’urukozasoni akabasaba kubyina bambaye ubusa.,0,0,0,0,0,0
kin_dev_track_a_00250,"…) Nta wundi uri bumwiteho nyuma y’ibyo, rero gumana umwana wawe mu gutanga ituze’’.",0,0,0,0,0,0
kin_dev_track_a_00251,@<username> Imana izandinde ku Manchesterunitedinga mubuzima bwange😂,0,0,0,0,0,0
kin_dev_track_a_00252,Amatora ashobora kutaba…,0,0,0,0,0,0
kin_dev_track_a_00253,"Bigiye gukurikiranwa ntabwo twicaye, ahagaragaye ibibazo hose turahagera.”",0,0,0,0,0,0
kin_dev_track_a_00254,@<username> #Umuyobozi :nshaka rapport yabapfakazi mu kagari uyobora #Kanyana: abapfa mukagari nyobora ni 20🙈,0,0,0,0,0,0
kin_dev_track_a_00255,Cyakora utujama tuvuye mu mibyuko tutazi valuance iri kuriyi mihanda turambabaje disi🙆🏿‍♂️🙆🏿‍♂️ ##URL##,0,0,0,0,0,0
kin_dev_track_a_00256,Mu gitsina cye hatangiye gutonyagurikamo ibisebe bikazana n'amashyira.,0,0,0,0,0,0
kin_dev_track_a_00257,Ntakirutimana yageze muri Kigali ubuzima buba bubi kuko yatangiye atwaza abantu imizigo ndetse anazunguza amasashi.,0,0,0,0,0,0
kin_dev_track_a_00258,@<username> Ndabakumbuye Cyane..... Umubyeyi wacu Bikira-Mariya akomeze aduhakirwe maze rwongere twiyizire ku isoko (ivomo)...ry'Amahoro,0,0,0,0,0,0
kin_dev_track_a_00259,"@<username> Ikibazo cyanyu mwumva message nabi. Kubamenyesha wabamenyesha ariko gusaba ko bakwemerera kugenda, ibyo rwose bikorwa n'abana gusa.",0,0,0,0,0,0
kin_dev_track_a_00260,"Iyo urebye na hano, abagore bose bayobora amashami bahembwa make kurusha abagabo, kubera ko iyo banamuhaye ako kazi, ahita avuga ati ‘ngirango ntibinkwiye, ayo mumbwira yose murayampa, ntacyo mpfuye kubona uwo mwanya’.”",0,0,0,0,0,0
kin_dev_track_a_00261,@<username> @<username> Muri sport niho ndikumva ruzingiye. Sport nkomeje kumva neza umumaro wayo.,0,0,0,0,0,0
kin_dev_track_a_00262,"Mu bihe bya vuba cyane, abenshi bibuka igitekerezo cyo kwakira inama mpuzamahanga, ndetse hari n’abibuka amajoro baraye badasinziriye kubera inama za mbere bateguye zinagenda neza.",0,0,0,0,0,0
kin_dev_track_a_00263,"Uretse kuba ibwami barashakaga byinshi mu bicuruzwa by’abarabu nk’imyenda, indi mpamvu ni uko u Rwanda rwari rwahawe u Budage ari nabwo bwagenzuraga Tanzania, ku buryo amategeko abadage bashyiragaho, cyane cyane ajyanye n’ubucuruzi, yabaga ahuye mu bice bugenzura.",0,0,0,0,0,0
kin_dev_track_a_00264,"Cyangwa abantu bakambwira bati ’FARDC iri gutegura ibitero’, wahamagara abantu bo muri EAC, nabo bakabikubwira.",0,0,0,0,0,0
kin_dev_track_a_00265,"Ubundi inyogo yokuvuga ukuri yataye agaciro, ubuhagezweho gutwika naho waba ubeshya arko ukinjiza akantu!!!! Kukubeshya byubahwee🤔🤔🤔🤔🤔",0,0,0,0,0,0
kin_dev_track_a_00266,Ni inshingano zacu nk’urubyiruko mu guhangana n’ikibazo cy’inda zitifujwe ndetse n’ubwandu bwa SIDA. Turashimira abafatanyabikorwa badufasha kubigeraho. #CondomWeek2021 @<username> @<username> @<username> @<username> @<username> @<username> @<username> @<username> ##URL##,0,0,0,0,0,0
kin_dev_track_a_00267,@<username> Uzantumire muri space nguhe Ido n'ido kandi nawe urabizi nuko ubaza nkumunyamakuru nyine!,0,0,0,0,0,0
kin_dev_track_a_00268,@<username> Simbonax arihamwe mugikari cyabo 🤷‍♂️ ahubwo ayo maso yae agenda areba hejuru 💀🙊🤣🤣,0,0,0,0,0,0
kin_dev_track_a_00269,"Aba hano mwese Mugire umunsi mwiza, Ntihagire ugusaba ubufasha ubishoboye ugire icyo ukora.Amahoro",0,0,0,0,0,0
kin_dev_track_a_00270,"Abandi wabonaga baza kubafata bakabajyana mu makipe gukora igerageza, ariko twe nta muntu wadutekererezaga ati ‘nyuma y’Igikombe cy’Isi harakurikiraho iki?’",0,0,0,0,0,0
kin_dev_track_a_00271,Ati “Hari ibitugonga kenshi byiganjemo kubona abafasha abana.,0,0,0,0,0,0
kin_dev_track_a_00272,"""Aho ibi bitaro bya Gatonde bihagereye, byaratworoheye biba byiza ku buryo kuva iwacu ugera hano n’iyi saha uvuze ngo inzara iranyishe wahamagara bagahita bakwakwanya bakakugeraho, ariko kujya i Nemba byasabaga kubyuka kare mu gitondo.""",0,0,0,0,1,0
kin_dev_track_a_00273,"Burya igituma Abantu benshi batsindwa, Ni uko bumvira Cyane inshuti zabo n'Imiryango kurusha uko bumvira Umutimanama wabo!✍️💯",0,0,0,0,0,0
kin_dev_track_a_00274,"Gerald Pique yagize ikibazo cy’imvune, igihe azamara hanze y’ikibuga ntabwo kirakenyekana… @<username> 95.3 FM ##URL##",0,0,0,0,0,0
kin_dev_track_a_00275,@<username> iyi mfizi siyawe raaa? Mbibonye kuri status y'umuntu hakurya kuri #GreenApp mbona ntabyihanganira.😂 kdi kwiyitirira ikintu cy'undi n'icyaha gihanwa n'amateko. ##URL##,0,0,0,0,0,0
kin_dev_track_a_00276,Ubundi abana ba banyarwanda batangira kwangirika mumutwe byatangiye aha. 😂😂 ##URL##,0,0,0,0,0,0
kin_dev_track_a_00277,Ahantu yipfuniye yahataye ibimyira bingana nk'ikiro.,0,0,0,0,0,0
kin_dev_track_a_00278,ibaze bagusabye ngo ujye kurira mu bwiherero,0,0,0,0,0,0
kin_dev_track_a_00279,"@<username> Kugira umwana babyita kwibaruka, Ni ibyishimo bikomeye cyane rwose Uhoraho yumve ukwifuza kwawe kandi azagusubize mu gihe gikwiriye",0,0,0,0,0,0
kin_dev_track_a_00280,@<username> Guma guma! Komeza urate uwo mubyeyi uduhetse twese. U Rwanda rufite ibyiza byinshi birutatse. Oyeee ! Rwanda nziza ngobyi iduhetse.,0,0,0,0,0,0
kin_dev_track_a_00281,umubiri we wose wabaye inyo gusa gusa.,0,0,0,0,0,0
kin_dev_track_a_00282,"@<username> @<username> Ikintangaza, Uwo muhanzi yabibonye kare. Gusa byo uzamuye umutwe,ukahavuga, ntiwamara kabiri. Ariko ni ikibazo pe!",0,0,0,0,0,0
kin_dev_track_a_00283,Uyu mwanzuro wafashwe nyuma y’uko iki kibazo cyagarukwagaho n’abantu benshi bigaragara ko imirongo muri za gare iba ari miremire by’umwihariko mu masaha yo gusoza akazi no kugatangira.,0,0,0,0,0,0
kin_dev_track_a_00284,@<username> Urayireka ikisararanga ubundi ikikubura da😊. Bitabaye ibyo wamara amabuye.,0,0,0,0,0,0
kin_dev_track_a_00285,"Utayakoreyemo impanuka ngo ahakomerekere, akahakura ubuhahamuke buzatuma atongera gutekereza umwanya uwo ari wo wose mu buyobozozi.",0,0,0,0,0,0
kin_dev_track_a_00286,"Mwakoze cyane @<username> , umurya w'inanga wanyuze twe twese abanya @<username> , cyane cyane urubyiruko rwitabiriye ibiganiro bya #operationMuMizi @<username> ##URL##",0,0,0,0,0,0
kin_dev_track_a_00287,"Ambara agapfukamunwa neza, maze ugabanye ibyago byo Kwandura COVID-19, #Kambareneza #Tuzatsinda @<username> @<username> @<username> @<username> @<username> @<username> ##URL##",0,0,0,0,0,0
kin_dev_track_a_00288,Uyu muryango ukaba umaze kugeza ku baturage miliyoni mu turere 15 tw’igihugu.,0,0,0,0,0,0
kin_dev_track_a_00289,"Hategekimana uburana afunzwe by’agateganyo, ahakana ibyaha byose aregwa.",0,0,0,0,0,0
kin_dev_track_a_00290,Ifoto ye yarakwirakwiye hirya no hino ku mbuga nkoranyambaga no mu bitangazamakuru bitandukanye.,0,0,0,0,0,0
kin_dev_track_a_00291,Yemeza ko urwibutso agira ku bari Ingabo za RPA ari urukundo bamugararizaga kuko bamufataga nka mushiki wabo nubwo yari amaze kubura umuryango avukamo.,0,0,0,0,0,0
kin_dev_track_a_00292,@<username> @<username> Yavuze neza rwose👏👏 Azatwatakire togo guhera ku munota wa mbere,0,0,0,0,0,0
kin_dev_track_a_00293,Abandi nka Bizima Karaha barangije umwuga wabo wa politiki nabi.,0,0,0,0,0,0
kin_dev_track_a_00294,"Ushobora kuvuka uri impunzi ukavukira mu nkambi ugatekereza ko uri wenyine, bikaba byakuviramo ingaruka zo kwiheba.”",0,0,0,0,0,0
kin_dev_track_a_00295,"@<username> @<username> Kayiju, nukuri Ngabo aba ari gushweza aha, naramutikuye😂😂 mubwire akwereke amaboko ye uko ameze ...",0,0,0,0,0,0
kin_dev_track_a_00296,Ni mu gihe abakoze ubukwe bufite agaciro kari munsi ya 1000$ byagaragaye ko gatanya zabo zari ziri ku kigero cyo hasi cyane.,0,0,0,0,0,0
kin_dev_track_a_00297,@<username> @<username> Urugero dawidi yatanze nirwo uretseko abaheza nguni bigize inararibonye aribisambo batareka umutoza NGO yigurire abe.bamanza bakuramo ayabo da.,0,0,0,0,0,0
kin_dev_track_a_00298,Woe @<username> uri umuntu w'umugabo cyane nubwo uruhara rwagiye ariko uri umusaza,0,0,0,1,0,0
kin_dev_track_a_00299,Nuzajya wumva urakaye 😫 Jya utekereza Directeur w'ahantu wize secondaire ari kurya ikiraha 🤣🤣😂😂🤪🤪,0,0,0,0,0,0
kin_dev_track_a_00300,"Kuva aho intambara yo muri Ukraine yatangiriye, ikibazo cy’ifumbire cyabaye ingorabahizi.",0,0,0,0,0,0
kin_dev_track_a_00301,Wahisemo kuba ipede ngo nuko bakubwiye ko bagira Amafaranga wemera gusebya Abakubyaye Toka kure wa kimbwa we,0,0,0,0,0,0
kin_dev_track_a_00302,"Ati “Umwana ugiye ku ishuri nta kaye, cyangwa afite ikaye imwe yandikamo amasomo yose, mwarimu akamubaza impamvu cyangwa abandi banyeshuri bagasa n’abamuseka, hari igihe bituma ava mu ishuri akajya gushaka amafaranga.”",0,0,0,0,0,0
kin_dev_track_a_00303,Mvuye mumugi ariko mbonye abantu banze gukuramo udupfukamunwa mbajije umwe arambwira ngo erega twabaye style.😔we guhisha isura ntibyemewe😂😂,0,0,0,0,0,0
kin_dev_track_a_00304,"Hari ingingo iherutse kungwa mu gutwi, impa igitekerezo cyo kwitegereza no kwerekeza ibiganza kuri mwandikisho ya mudasobwa, ngo mbasangize bimwe mu binengwa mu bukwe bw’ubu, bibera mu muhango wo gusaba no gukwa, bikeneye gukosorwa ngo bijyane n’igihe kandi bititaruye Umuco Nyarwanda.",0,0,0,0,0,0
kin_dev_track_a_00305,"#ConnectRwanda yageze mu karere ka Rwamagana. Uyumunsi, abagenerwabikorwa 474 barakira telephones nshya zigezweho, banahabwe internet y’ubuntu bazakoresha mu gihe cy’amezi atatu. #GoodTogether @<username> ##URL##",0,0,0,0,0,0
kin_dev_track_a_00306,Hari aba JAMA Hano utereta nka #Airtel ibanza kwica izina ry'undi muntu 😂😂😂😂😂😂😂😂😂😂😂😂😂😂😂 Ntawe uzi? @<username> @<username> @<username> @<username> @<username> @<username> @<username>,0,0,0,0,0,0
kin_dev_track_a_00307,Niba warashyiragamo agaporoporo kikaramu ugatumura umwotsi wayo ch ujyire wijyire muri passion kuko hano simucyabasaza😂😂😂 ##URL##,0,0,0,0,0,0
kin_dev_track_a_00308,Yavuze ko atekereza ko amahirwe yari abonye yo kujya mu gisirikare atari gutuma yinjira mu muziki cyangwa se ngo yandike ibitabo n’ibindi akora muri iki gihe.,0,0,0,0,0,0
kin_dev_track_a_00309,"Ati “Ntabwo tuzabyuka ngo dusange abapfobya Jenoside bahagaze, oya!",0,0,0,0,0,0
kin_dev_track_a_00310,Uyu mugabo ashinja mugenzi we “kuba yarahaye akazi abantu bahoze bakora muri Twitter kandi bagifite amabanga yayo mu nzego zitandukanye cyane cyane mu bijyanye n’ubucuruzi.”,0,0,0,0,0,0
kin_dev_track_a_00311,"Ati “Yahagararaga kuri Thé-Mata, cyangwa i Huye tugapakira imodoka nto zikakijyana aho ayo makamyo yahagaze.",0,0,0,0,0,0
kin_dev_track_a_00312,"Ni ibyaha byiganjemo ibikekwa ko yakoze yifashishije umuyoboro wa YouTube, mu bihe bitandukanye.",0,0,0,0,0,0
kin_dev_track_a_00313,Iyo dutangiye umushinga mbona ko ushoboka cyangwa ko udashoboka sinirirwe ntinda mu nzira.,0,0,0,0,0,0
kin_dev_track_a_00314,Erega muranatinyuka mukagarura ifoto ye hano😏 twabanyujijemo ijisho nta bumuntu mufite mubyumve mwa............... Puuuuuuu ntimuzongere kutwitwaraho neza n'ubundi twababonye @<username> @<username> @<username> 😏 ##URL##,0,0,0,0,0,0
kin_dev_track_a_00315,"Uretse kwambara gutya, uyu mugore kandi yagaragaraga nk’umuntu unaniwe mu maso ye, acigatiye ibitabo ku kaboko.",0,0,0,0,0,0
kin_dev_track_a_00316,Mpuye nawe ari kwituma mu gihuru numva isesemi iranyishe.,0,0,0,0,0,0
kin_dev_track_a_00317,"Zaburi 106:1 Haleluya! Nimushimire #Uwiteka yuko ari mwiza,Kuko #Imbabazi ze zihoraho iteka ryose. ##URL##",0,0,0,0,0,0
kin_dev_track_a_00318,"@<username> @<username> Hahah, nta mwami ubuzwa kurara aho ashatse. Atembera igihugu maze aho ashatse akahashinga icumu, ...",0,0,0,0,0,0
kin_dev_track_a_00319,@<username> Umuhambirwa watanze amabwiriza n'uwarashe indege yari itwaye aba bantu yaradusemeye!,0,0,0,0,0,0
kin_dev_track_a_00320,Mu bihumbi by’abitabiriye ibi bitaramo byombi harimo Perezida Paul Kagame n’umuryango we.,0,0,0,0,0,0
kin_dev_track_a_00321,"Uyu mukobwa ubusanzwe ni umuririmbyi, umwanditsi w’indirimbo, umuraperi akaba n’umurika imideli.",0,0,0,0,0,0
kin_dev_track_a_00322,Nibaza ko nta muntu wagura ikintu gihenze kandi hari igihendutse kandi gikomeye.”,0,0,0,0,0,0
kin_dev_track_a_00323,@<username> Foo😂😂 uriya mutipe ni umusazi,0,0,0,0,0,0
kin_dev_track_a_00324,Uwo mugore niba yari ku rutonde rw’abajya i Maka yakagombye kuba agaragara kuri listi iriho urutonde rwose rwa ba Hadji akanyuza amafaranga aho akwiye kunyuzwa.”,0,0,0,0,0,0
kin_dev_track_a_00325,"“Tekereza ufite umukobwa w’inshuti yawe akakubwira ko yabonye akazi kubera ko yaryamanye n’umukoresha we, abaye ari mushiki wawe se wabyakira ute?",0,0,0,0,0,0
kin_dev_track_a_00326,"“Mama arwaye kanseri, nari nagiye gushaka akazi kuko nta bushobozi buhari ngo ndebe ko nibura namufasha kwishyura imiti akeneye.”",0,0,0,0,0,0
kin_dev_track_a_00327,@<username> urihe ko ntakureba ?Humura Senegal turatsinda,0,0,0,0,0,0
kin_dev_track_a_00328,"Yakomeje ati “Ariko noneho twisuzumye nk’abanyeshuri tubona ko byoroye ingeso mbi y’ubunebwe aho n’ibintu bisanzwe twabaga twakwitekerereza ngo dukore, ubu ubona ikibazo ugahita wihutira gukoresha AI nk’urugero, ugahita uvuga ngo nta mwanya wo gutekereza ndabishyira muri ‘Chatgpt’ ibinkorere ugasanga biri kugenda bitwangiza.”",0,0,0,0,0,0
kin_dev_track_a_00329,"Nyuma y’iyi mpanuka, ubuyobozi bw’Umurenge wa Ruli n’Akarere ka Gakenke bwahise bukora igenzura no ku bindi birombe, harebwa niba nta byangijwe n’imvura bishobora guteza impanuka.",0,0,0,0,0,0
kin_dev_track_a_00330,"Amakuru ava ku bantu ba hafi b’uyu mugabo avuga ko hashize iminsi hari umwuka utari mwiza hagati ya Perezida Félix Antoine Tshisekedi na Minisitiri w’Intebe Wungirije Ushinzwe Ingabo, Jean Pierre Bemba.",0,0,0,0,0,0
kin_dev_track_a_00331,"Mayo Clinic igaragaza ko ibimenyetso bya insomnia birimo kugorwa no kubona ibitotsi, gukanguka kenshi mu ijoro, gukanguka kenshi hakiri kare cyane, kubyuka wumva utaruhutse neza no gufatwa n’ibitotsi ku manywa.",0,0,0,0,0,0
kin_dev_track_a_00332,"Yvan Buravan wakuranye inzozi zo kuba umukinnyi wa ruhago, yavuze ko umuziki waje kumira umupira w’amaguru bityo abona aho aganisha ubuzima bwe.",0,0,0,0,0,0
kin_dev_track_a_00333,Nahanyuze ntazi uyu musarani bawusenye mba nguyemo none umwanda wuzuye ku myenda yose,0,0,0,0,0,0
kin_dev_track_a_00334,Umubabaro wo gukorana n'umukobwa boss wawe arongoraho ushobora ku kurwaza umutwe ukiruka. Mwe mwese mutarahura nabyo ndabakomeje musenge mukomeje.,0,0,0,0,0,0
kin_dev_track_a_00335,@<username> @<username> Nkikigoryi x bro ko umusabiye ubwenge ega bugome,0,0,0,0,0,0
kin_dev_track_a_00336,"Si ku nshuro ya mbere, Umukuru w’Igihugu anyuze i Nyabugogo agahagarara agasuhuza abaturage.",0,0,0,0,0,0
kin_dev_track_a_00337,Ark ishyari ntirizashyira mubantu ntakuntu mwajya mwemera ko mwarushijwe aho kwitwaza ubusambo mujye muba abanya mwuga,0,0,0,0,0,0
kin_dev_track_a_00338,@<username> @<username> Ariko akantu ka God created bla bla ntabwo Ari keza!,0,0,0,0,0,0
kin_dev_track_a_00339,@<username> @<username> @<username> @<username> Nonese nimba amazi amaze ibyumweru 2 ataza ubu koko ayo koga yavahe,0,0,0,0,0,0
kin_dev_track_a_00340,yavuye kuvidura umusarani ahita arya,0,0,0,0,0,0
kin_dev_track_a_00341,Uyu munsi umuganda wo kwitegura umunsi mukuru wa mutagatifu valentin wakozwe neza aho dutuye. ##URL##,0,0,0,0,0,0
kin_dev_track_a_00342,"Batandukanye muri Mutarama, kuva ubwo, ngo yagiye ateza akavuyo mu rugo rwa Mukiri aho yajyaga yitwaje umuhoro akamukangisha kumwica we n’abo mu muryango we.",0,0,0,0,0,0
kin_dev_track_a_00343,Ndinde wo kutajyendera mukigare arko Ngenzi yarari kwigendera imvura iramunyagira nuko imvura iratoha😂😂😂😂😂😂😂😂😂 ##URL##,0,0,0,0,0,0
kin_dev_track_a_00344,Ndumiwe 🤔 Gukoresha Radar detector ngo ni Icyaha 😳 ##URL##,0,0,0,0,0,0
kin_dev_track_a_00345,Ndimbati yarekuwe nikonumvishe nkomeje gushimira cyane urwego rwubugenza cyaha mu Rwanda ko ari abanyamwuga rwose pe. #Rwanda #RwotGain #RwOT #RWOTE #RWF #RWBY #RWC2023 #RWC2023 #RWBYRP #RWRI ##URL##,0,0,0,0,0,0
kin_dev_track_a_00346,@<username> @<username> @<username> @<username> @<username> @<username> @<username> @<username> @<username> Intore duhagaze neza mu ngamba twizihiza umunsi wo kwibohora dukurikiza ingamba zokwirinda covid- 19 Indemyamihigo Mayange,0,0,0,0,0,0
kin_dev_track_a_00347,"Dufite umukuru w’igihugu watowe, dufite Inteko Ishinga Amategeko, dufite Guverinoma, dufite inzego z’ibanze kugera ku isibo, hanyuma hakavumbuka undi muntu akavuga ati ‘twimitse umutware aha n’aha”.",0,0,0,0,0,0
kin_dev_track_a_00348,@<username> kirazira kurera umwana nkuko warezwe muhe Agaciro kagezweho nibwo nawe uzaba wihesheje Agaciro,0,0,0,0,0,0
kin_dev_track_a_00349,Ubwo se waba ufunzwe🙄🙈 gufungwa ni ukubuzwa uburenganzira✌️ ##URL##,0,0,0,0,0,0
kin_dev_track_a_00350,"Amafoto yafashwe na camera zo mu nzu agaragaza abanyamakuru bari gushyushya ababakurikira bisanzwe, mu kanya gato hakinjira abantu bafite imbunda bapfutse mu maso.",0,0,0,0,0,0
kin_dev_track_a_00351,"Ni mu gihe abandi nka Nzarora Marcel, Rusheshangoga Michel, Rusingizandekwe Jean Marie, Ndatimana Robert, Buteera Andrew, Turatsinze Héritier, Kabanda Bonfils, Tibingana Charles na Itangishaka Ibrahim bose bamaze gusezera kuri ruhago.",0,0,0,0,0,0
kin_dev_track_a_00352,Umugore we Bernadette w'umuzungukazi bashakanye muri Mata 1969 nanubu aracyamutegereje ! Aracyamwitaho 🙌🏽 Hari abantu bafite urukundo kweli... Future women mwubahwe! @<username> @<username> @<username> ##URL##,0,0,0,1,0,0
kin_dev_track_a_00353,Album iriho indirimbo ziriho ikinyarwanda cy’umwimerere kandi zikora ku mutima.”,0,0,0,1,0,0
kin_dev_track_a_00354,Guverinoma itangaza ko mu myaka 4 ishize imaze gukuba kane nkunganire ku ifumbire #RBAAmakuru ➡️ ##URL## ##URL##,0,0,0,0,0,0
kin_dev_track_a_00355,"Mukomeze murame babyeyi banjye beza nkunda ❤️ Mama na Mama mdogo ❤️💕🌷✍️ @<username> Kicukiro, Kigali, Rwanda ##URL##",0,0,0,0,0,0
kin_dev_track_a_00356,"Banyarwanda, Umunsi mwiza w'Intwari! Ntituzibagirwa na rimwe Intwari z'u #Rwanda, zitanze ngo rweme twemarare🇷🇼 ##URL##",0,0,0,0,0,0
kin_dev_track_a_00357,Ibisebe by’umwana byatangiye gutonyagurika.,0,0,0,0,0,0
kin_dev_track_a_00358,@<username> « imirimo ibiri yananiye impyisi » nti watekereza amafaranga unarwane 😂 Ni urwenya gusa gusa!,1,0,0,0,0,0
kin_dev_track_a_00359,My fellow tweeps mureke dushyire ibuye fatizo mugu following aba tweep bakomeje kuturyoshya. @<username> @<username> @<username> @<username> Ababo banakora follow back 100%. Twagiye....,0,0,0,0,0,0
kin_dev_track_a_00360,"@<username> Sinzi impamvu 😭😭, inabi (Mu mvugo, mu nyandiko, mu ngiro...bikomeza guhabwa intebe mu buzima bwa benshi!!",0,0,0,0,0,0
kin_dev_track_a_00361,"Muhawenimana Jean Pierre yemeza ko kubona amazi meza byabagoraga kuko bavomaga amazi y’ibitega (ibidendezi); bikabagiragaho ingaruka zirimo no guhora barwaye inzoka, bigakururira abana igwingira.",0,0,0,0,0,0
kin_dev_track_a_00362,"Umuryango wavumbuye ko agihumeka hashize umwanya ari mu isanduku, aho biteguraga kumushyingura.",0,0,0,0,0,0
kin_dev_track_a_00363,"Nubwo Omari Al-Bashir yahamijwe ibyaha birimo Jenoside, ibyaha by’intambara n’ibyibasiye inyokomuntu, byavugwaga ko ahita afungwa ariko ibyo ntabwo byigeze bibaho.",0,0,0,0,0,0
kin_dev_track_a_00364,Biteye isesemi kubona umuntu w'inkumi nkawe agendana ubutuna mu maso.,0,0,0,0,0,0
kin_dev_track_a_00365,"Ati “Byashoboraga kuba bikozwe n’uwabitumije bigizwemo uruhare n’uwabimuhaye, ari byo baganiriye mu gutunganya impapuro, cyangwa akaba yabigirwamo inama n’umwunganira muri gasutamo.”",0,0,0,0,0,0
kin_dev_track_a_00366,Ati “Ikoranabuhanga ni ryiza.,0,0,0,0,0,0
kin_dev_track_a_00367,@<username> Warehouse izahabwa aba seller baguye ubucuruz bwabo cyane cyane nkaba manufacturer ndetse na and bazaza bagurisha at large scale ⚖️,0,0,0,0,0,0
kin_dev_track_a_00368,@<username> @<username> @<username> @<username> @<username> @<username> @<username> @<username> @<username> @<username> @<username> Ntuzongere kdi ntuzanavugeko njyanyara mu base...,0,0,0,0,0,0
kin_dev_track_a_00369,Banavuze ko babangamirwa n’uko bagenda mu bwato budafite moteri ndetse bambuka nta myenda yabugenewe bafite.,0,0,0,0,0,0
kin_dev_track_a_00370,@<username> @<username> Ni muzima nahoshi! Ahubwo afite abamuri inyuma bamusunika! Ubwo ntihabuze amafaranga bari kumuha ubundi akarococwa ibigambo byuzuye ubugome!,0,0,0,0,0,0
kin_dev_track_a_00371,"Ati “None ni gute igihugu cyahitamo kwangwa kubera umuntu ushobora gupfa ejo, utazi n’aho azapfira?",0,0,0,0,0,0
kin_dev_track_a_00372,"Biden ati ""Ntabwo ntekereza ko hari uguhuza muri NATO ku bijyanye no kuba Ukraine yakwemererwa cyangwa se itakwemererwa kwinjira mu muryango ubu, iki gihe, mu gihe intambara ikirimbanyije.""",0,0,0,0,0,0
kin_dev_track_a_00373,"Mu bishwe ngo harimo n’abana, aho kuri ubu abagera kuri barindwi bari gukurikiranirwa mu bitaro, mu gihe batatu muri bo barembye.",0,0,0,0,0,0
kin_dev_track_a_00374,@<username> Uri umwana mubi ndaq,0,0,0,0,0,0
kin_dev_track_a_00375,"Uyu mucuruzi avuga ko izibageraho zatangiye kurenga umubare w’abazikeneye, nubwo hakomeza kuboneka abakiliya benshi barimo n’abaturage bafite ubwoba bwo guterwa n’amabandi yitwaje intwaro.",0,0,0,0,0,0
kin_dev_track_a_00376,Those who did France munsobanurire ibyo uwisibo ambwiye peee ngo nanze kujya gufata amata yumwana yewee🤔🤔🤔 ##URL##,0,0,0,0,0,0
kin_dev_track_a_00377,@<username> @<username> @<username> Wagirango yari mu bategura urugamba. Abisobanura neza cyane!,0,0,0,0,0,0
kin_dev_track_a_00378,"Abaturage baganirije Perezida Kagame ku buzima babayemo, bamugaragariza ibibazo bafite, na we abizeza ubufasha bwo gukomeza kubafasha no kubagoboka uko ubushobozi buzaboneka.",0,0,0,0,0,0
kin_dev_track_a_00379,Yagaragaje ko ba rwiyemezamirimo b’abagore bakunze guhura n’ikibazo cyo kutagira ingwate bashobora gutanga mu gihe cyo kwaka inguzanyo ari nabyo byatumye Copedu PLC itangiza inguzanyo ya Igire Mugore.,0,0,0,0,0,0
kin_dev_track_a_00380,"Kuva uyumunsi, downloadinga App ya Ecobank Mobile uwirinde n'ikyorezo cya Corona virus. ##URL##",0,0,0,0,0,0
kin_dev_track_a_00381,"@<username> Nahita mpindukira nkagenda kuko mpagumye umujinya watuma nica umuntu,,, Gs uwo mugore namwandikira message nkasanga yagiye",0,0,0,0,0,0
kin_dev_track_a_00382,umwuka wabyo unuka nk'amabyi yaguyemo imvura,0,0,0,0,0,0
kin_dev_track_a_00383,"@<username> @<username> @<username> @<username> @<username> @<username> @<username> @<username> @<username> @<username> Ruswa mu mikino, Ibiyobyabwenge, mu mikino no muri showbiz @<username> ibyiteho",0,0,0,0,0,0
kin_dev_track_a_00384,Twibuke twuyubaka kd twihanganishije Abanyarwanda kubera ibihe turimo byo kwibuka jenoside yakorewe abatunsi 1994 ##URL##,0,0,0,0,0,0
kin_dev_track_a_00385,Umutima wanjye wuzuye ibyishimo n’umunezero utagira uko ungana kubera Ubu butumwa bwawe muvandimwe @<username> ♥️ 💜 ♥️ Nzakomeza guharanira ibyiza byose kuri bose 🙏🏿 ##URL##,0,0,0,0,0,0
kin_dev_track_a_00386,"Ati ""Byamenyekanye muri iki gitondo, ni bwo ubuyobozi bw’umudugudu bwazindukiyeyo, kuko uwo mukecuru yabanaga n’umwana we ari babiri, babonye batasohotse, n’ejo batasohotse bugiyeyo busanga bapfuye.""",0,0,0,0,0,0
kin_dev_track_a_00387,"Monusco yo yatangaje ko hapfuye abaturage 131, barimo abagore n’abana.",0,0,0,0,0,0
kin_dev_track_a_00388,Tuzi neza ko hari n’abo tutabasha kugeraho kubera inshingano zacu nk’abacuruzi.,0,0,0,0,0,0
kin_dev_track_a_00389,Buri gihe uriyamwana iyo yarwaye akaruka akinisha ibirutsi bye.,0,0,0,0,0,0
kin_dev_track_a_00390,Nyamara yago nubwo yataruste inzego ark yavuze ukuri kd muzehe biriya bintu aba abizi anabibona nuko aba yiturije 😎,0,0,0,1,0,0
kin_dev_track_a_00391,Abaturage b'Akagari ka Ruhengeri - Musanze bagiye kurangiza kwisanira Akagari. Urugero rwiza rw'abaturage mu kwitunganyiriza aho bahererwa serivisi. ##URL##,0,0,0,1,0,0
kin_dev_track_a_00392,Iki gisubizo mumuhaye yuzuye ubunebwe. Mwari kumubwira ko bishoboka cyangwa bidashoboka. Gusa ikintu yari abajije mukigeho pe! Murakoze ##URL##,0,0,0,0,0,0
kin_dev_track_a_00393,"Amakuru IGIHE ifite ni uko iryo genzura rishobora kuzasiga hafashwe gahunda y’uko mu gihe cy’imyaka runaka, hahagarikwa gutangwa impushya zo kubaka Stations za lisansi nshya, mu gihe n’izisanzwe zikora harimo izizasabwa gukosora byinshi.",0,0,0,0,0,0
kin_dev_track_a_00394,Uwitwa Saphia yagize ati “Biteye agahinda kubona twarakoze icyo tugomba gukora ariko abashinzwe iyi gahunda bakaba batari kubahiriza inshingano zabo.,0,0,0,0,0,0
kin_dev_track_a_00395,Kuri ubu nta musirikare mukuru muri FARDC udashaka koherezwa mu Burasirazuba ngo yikorere ubucuruzi.,0,0,0,0,0,0
kin_dev_track_a_00396,Bose bafite imbogamizi zo ku ba batuye ahantu hatandukanye ngo babe bahura bakagira n’ikibazo nyamukuru cyo kubura abatoza bazobereye mu by’umuco.,0,0,0,0,0,0
kin_dev_track_a_00397,Icyo twifuza ni uko twajya tuzibonera ku kigihe.,0,0,0,0,0,0
kin_dev_track_a_00398,Iyo uri small fish ura tweeting ukabura reaction nimwe kuri tweet yawe ukagira ngo wayibitse muri draft wibagirwa kuyishyiraho,0,0,0,0,0,0
kin_dev_track_a_00399,"Tubwire zimwe mu ndwara z'amaso 👁 uzi Kutabona akazi , Kutabona ijuru no kureba ibitatureba 😌",0,0,0,0,0,0
kin_dev_track_a_00400,Uyu musore witwa Ndihokubwami akurikiranyweho gukubita Nyina umubyara umuhini mu mutwe akamwica.,0,0,0,0,0,0
kin_dev_track_a_00401,"Tubashyire indabo zibahumurire neza, twongere tubibutse ko tubakunda cyane kandi ko tubahozaho umutima. Ntituzabibagirwa. ##URL##",0,0,0,0,0,0
kin_dev_track_a_00402,Mubyukuri iyi @<username> niba idahinduye iyumwanda irikwivurugutamo wabakinnyi badashobotse ngo ni #abanyarwanda bahembeshwa igitiyo batanawuhamya nyivuyeho #setu.,0,0,0,0,0,0
kin_dev_track_a_00403,"Uyu mugabo yongeyeho ko ibi byamubereye umugisha, kuko yaje guhura n’umugabo amwigisha koga no kuroba, ahita atangira kujya agurisha amafi yarobye ku munsi.",0,0,0,0,0,0
kin_dev_track_a_00404,Baca umugani mu kinyarwanda bati: - Nyirakarimi kabi yatanze umurozi gupfa. Sigaho muvandimwe. ##URL##,0,0,0,0,0,0
kin_dev_track_a_00405,@<username> @<username> Ntabe ari uhutazwa rwose dore niyemeje kwivanga mubyawe🤣,0,0,0,0,0,0
kin_dev_track_a_00406,"Turimo kugenda dukura dukeneye ahantu hanini ariko ntabwo PSF yabikora yonyine, tugomba gufatanya nka Leta tukamenya y’uko tugiye kubona ahantu hakorerwa imurikagurisha hashobora kwakira ibintu byinshi.”",0,0,0,0,0,0
kin_dev_track_a_00407,😂akinyuma si umuco peuh.. @<username> niba ushaka gukurura experts kora video zitari muri aya magambo kurubyiruko..,0,0,0,0,0,0
